County,State,num_waste_facilities,pm2.5,white,black,asian,hispanic,native_american,other,population,asthma_rates
Alameda,California,15,8.7,0.439,0.113,0.282,0.226,0.006,0.088,1647704,9.1
Alpine,California,2,8,0.724,0.008,0.008,0.078,0.189,0,1071,9.3
Amador,California,2,10,0.867,0.024,0.015,0.13,0.014,0.042,37383,9.3
Butte,California,5,7.7,0.831,0.015,0.043,0.154,0.011,0.036,226864,9.4
Calaveras,California,9,8.1,0.922,0.006,0.01,0.112,0.01,0.009,45171,9.3
Colusa,California,2,6.3,0.876,0.01,0.016,0.578,0.01,0.057,21588,7.3
Contra Costa,California,9,8.1,0.597,0.088,0.155,0.251,0.005,0.086,1135127,12.1
Del Norte,California,4,5.5,0.778,0.023,0.024,0.193,0.066,0.024,27540,7.2
El Dorado,California,5,7,0.87,0.01,0.042,0.125,0.008,0.034,185625,12.1
Fresno,California,26,13,0.616,0.05,0.099,0.52,0.01,0.183,979915,11.3
Glenn,California,2,5,0.84,0.007,0.024,0.402,0.018,0.083,28085,7.3
Humboldt,California,18,6,0.812,0.012,0.028,0.107,0.051,0.035,136646,12.5
Imperial,California,16,12.5,0.695,0.027,0.014,0.827,0.011,0.203,180883,12.1
Inyo,California,9,6.2,0.819,0.01,0.012,0.211,0.114,0.02,18144,9.3
Kern,California,32,15.9,0.743,0.055,0.046,0.516,0.012,0.108,884788,16.7
Kings,California,3,15.5,0.67,0.064,0.038,0.531,0.014,0.17,149785,15.8
Lake,California,3,2.9,0.788,0.022,0.014,0.189,0.035,0.111,64116,17.3
Lassen,California,11,9.4,0.797,0.089,0.017,0.184,0.028,0.037,30870,7.2
Los Angeles,California,171,12,0.525,0.083,0.142,0.483,0.006,0.202,10137915,7.8
Madera,California,4,12,0.79,0.033,0.02,0.562,0.016,0.104,154697,10.3
Marin,California,3,6.5,0.79,0.023,0.057,0.158,0.003,0.079,260651,6.8
Mariposa,California,5,12.3,0.881,0.013,0.013,0.101,0.031,0.018,17410,9.3
Mendocino,California,12,6.6,0.828,0.006,0.018,0.24,0.04,0.054,87628,9.3
Merced,California,3,12,0.586,0.034,0.075,0.575,0.007,0.252,268672,10.3
Modoc,California,11,5.1,0.902,0.009,0.014,0.148,0.042,0.007,8795,7.2
Mono,California,9,10,0.848,0.006,0.012,0.275,0.027,0.076,13981,9.3
Monterey,California,13,6.9,0.699,0.027,0.059,0.574,0.007,0.163,435232,8.8
Napa,California,5,8.7,0.732,0.021,0.078,0.335,0.009,0.123,142166,7.8
Nevada,California,3,6.2,0.922,0.005,0.013,0.091,0.011,0.017,99107,6.2
Orange,California,57,9.4,0.63,0.016,0.192,0.342,0.004,0.116,3172532,6.7
Placer,California,7,6.8,0.832,0.015,0.067,0.135,0.005,0.031,380531,8.4
Plumas,California,7,13.9,0.896,0.001,0.009,0.084,0.022,0.018,18627,7.2
Riverside,California,43,14.1,0.633,0.062,0.062,0.475,0.009,0.188,2387741,10.2
Sacramento,California,14,8.8,0.592,0.099,0.152,0.225,0.008,0.071,1514460,9.6
San Benito,California,1,4.7,0.838,0.008,0.026,0.583,0.008,0.07,59414,5.3
San Bernardino,California,50,14.8,0.62,0.086,0.068,0.517,0.008,0.169,2140096,10.6
San Diego,California,40,8.7,0.71,0.05,0.116,0.331,0.007,0.064,3317749,7.1
San Francisco,California,7,7.8,0.481,0.054,0.339,0.153,0.003,0.07,870887,7.7
San Joaquin,California,13,11.8,0.564,0.07,0.149,0.405,0.006,0.116,733709,7.5
San Luis Obispo,California,8,8.4,0.855,0.02,0.037,0.219,0.007,0.047,282887,5.9
San Mateo,California,8,8.5,0.536,0.025,0.27,0.251,0.003,0.102,764797,11.4
Santa Barbara,California,10,7.1,0.741,0.02,0.053,0.444,0.009,0.132,446170,6.2
Santa Clara,California,19,9.1,0.469,0.025,0.344,0.263,0.005,0.106,1919402,6
Santa Cruz,California,5,5.6,0.793,0.009,0.045,0.331,0.006,0.101,274673,11.3
Shasta,California,13,5.2,0.87,0.01,0.029,0.093,0.024,0.021,179631,7.3
Sierra,California,5,9,0.958,0.001,0,0.104,0.011,0.005,2947,7.2
Siskiyou,California,5,4.9,0.855,0.016,0.016,0.117,0.034,0.015,43603,7.2
Solano,California,2,7.5,0.529,0.141,0.152,0.254,0.005,0.09,440207,13.3
Sonoma,California,12,4.9,0.761,0.016,0.039,0.26,0.011,0.121,503070,8.1
Stanislaus,California,6,12.7,0.746,0.027,0.054,0.443,0.007,0.115,541560,13.4
Sutter,California,1,8.1,0.71,0.02,0.15,0.299,0.009,0.046,96651,8.1
Tehama,California,5,6.4,0.865,0.006,0.014,0.237,0.028,0.047,63276,7.3
Trinity,California,9,5.9,0.863,0.011,0.016,0.072,0.043,0.03,12782,7.2
Tulare,California,13,14.7,0.797,0.016,0.035,0.63,0.013,0.105,460437,8.6
Tuolumne,California,3,10.4,0.884,0.019,0.013,0.116,0.016,0.024,53804,9.3
Ventura,California,9,9.6,0.794,0.018,0.071,0.419,0.007,0.065,849738,6.7
Yolo,California,4,6.4,0.671,0.025,0.139,0.312,0.007,0.098,215802,6.6
Yuba,California,4,7.2,0.72,0.031,0.069,0.269,0.014,0.082,75275,14.8
Albany,New York,15,6.6,0.766,0.125,0.061,0.056,0.002,0.013,307891,13.3
Allegany,New York,10,7,0.956,0.015,0.012,0.016,0.003,0.004,47700,9.7
Bronx,New York,6,6.6,0.206,0.332,0.037,0.554,0.006,0.384,1436785,8.9
Broome,New York,7,5.6,0.864,0.056,0.041,0.039,0.002,0.01,197381,12.2
Cattaraugus,New York,10,7.6,0.921,0.016,0.008,0.019,0.029,0.005,78506,14
Cayuga,New York,6,5.5,0.921,0.043,0.005,0.027,0.004,0.007,78783,8.5
Chautauqua,New York,17,7.6,0.928,0.026,0.006,0.07,0.004,0.016,131748,11.2
Chemung,New York,6,5.9,0.883,0.059,0.016,0.029,0.004,0.004,87742,16.8
Chenango,New York,4,5.4,0.963,0.009,0.005,0.021,0.003,0.005,49286,11.7
Clinton,New York,14,5.1,0.913,0.043,0.013,0.027,0.002,0.014,81505,12.3
Columbia,New York,10,6.6,0.895,0.044,0.019,0.043,0,0.011,61860,11.4
Cortland,New York,5,5.5,0.942,0.016,0.009,0.026,0.001,0.01,48713,10.3
Delaware,New York,10,5.7,0.95,0.019,0.007,0.036,0.001,0.007,46480,8
Dutchess,New York,18,6.1,0.788,0.104,0.038,0.115,0.004,0.034,295905,10.6
Erie,New York,8,7.6,0.784,0.134,0.033,0.051,0.005,0.022,922129,12.2
Essex,New York,17,7.2,0.931,0.031,0.005,0.031,0.003,0.012,38598,13.3
Franklin,New York,5,6.1,0.83,0.056,0.005,0.033,0.069,0.02,51007,13.8
Fulton,New York,9,6.4,0.949,0.016,0.007,0.027,0.003,0.009,54297,13.9
Genesee,New York,8,7.8,0.924,0.025,0.007,0.03,0.011,0.013,59053,11.2
Greene,New York,5,6.6,0.896,0.067,0.01,0.054,0.003,0.008,48069,12
Hamilton,New York,8,6.6,0.965,0.006,0.001,0.014,0.001,0.003,4697,12.4
Herkimer,New York,3,6.1,0.961,0.011,0.005,0.02,0.002,0.004,63558,13.6
Jefferson,New York,24,6.1,0.864,0.058,0.014,0.071,0.005,0.015,117966,13.6
Kings,New York,9,8.1,0.433,0.334,0.117,0.194,0.003,0.087,2606852,9.3
Lewis,New York,6,5.7,0.968,0.008,0.005,0.016,0.002,0.006,27107,7.2
Livingston,New York,9,6.6,0.933,0.025,0.014,0.033,0.002,0.008,64622,14.5
Madison,New York,4,5.4,0.949,0.021,0.009,0.02,0.006,0.002,72089,10.5
Monroe,New York,10,7.4,0.76,0.153,0.036,0.081,0.004,0.019,749236,11
Montgomery,New York,4,6,0.882,0.021,0.007,0.126,0.001,0.062,49667,15.6
Nassau,New York,26,6.2,0.697,0.115,0.087,0.161,0.002,0.065,1356801,5.9
New York,New York,1,10.3,0.568,0.15,0.118,0.259,0.004,0.118,1634989,8.8
Niagara,New York,7,8.2,0.879,0.071,0.011,0.026,0.01,0.006,213374,10.3
Oneida,New York,17,5.4,0.86,0.061,0.038,0.052,0.002,0.015,232858,11.1
Onondaga,New York,11,5.5,0.801,0.111,0.037,0.046,0.006,0.011,468050,11.5
Ontario,New York,16,6.6,0.932,0.025,0.012,0.042,0.004,0.01,109450,10.7
Orange,New York,8,5.2,0.748,0.103,0.027,0.194,0.004,0.084,376242,9
Orleans,New York,0,7.8,0.898,0.063,0.007,0.046,0.004,0.011,41938,8.8
Oswego,New York,7,5.5,0.956,0.01,0.007,0.024,0.002,0.008,120513,8.6
Otsego,New York,15,5.4,0.94,0.018,0.012,0.035,0.003,0.008,60979,9.6
Putnam,New York,5,5.6,0.895,0.024,0.022,0.131,0.008,0.03,99408,13.2
Queens,New York,8,6.4,0.405,0.183,0.248,0.28,0.004,0.125,2310011,7.8
Rensselaer,New York,11,6.6,0.869,0.062,0.025,0.045,0.001,0.008,159959,11.7
Richmond,New York,1,7.4,0.751,0.103,0.08,0.18,0.002,0.039,473324,9
Rockland,New York,7,5.6,0.708,0.126,0.061,0.17,0.002,0.079,322642,4.6
Saratoga,New York,14,6.8,0.931,0.024,0.011,0.022,0.008,0.007,111529,15.4
Schenectady,New York,3,6.6,0.936,0.016,0.027,0.029,0.002,0.004,224929,11.2
Schoharie,New York,2,6.6,0.78,0.1,0.045,0.066,0.002,0.035,154845,8.8
Schuyler,New York,8,6,0.958,0.015,0.008,0.03,0.001,0.004,31667,10
Seneca,New York,3,6,0.967,0.011,0.005,0.017,0.003,0.001,18336,10.5
St. Lawrence,New York,13,6.1,0.916,0.048,0.007,0.032,0.004,0.004,35036,15.5
Steuben,New York,7,5.8,0.95,0.015,0.015,0.016,0.001,0.003,98151,8.4
Suffolk,New York,59,5.9,0.809,0.076,0.038,0.182,0.002,0.049,1498130,11.6
Sullivan,New York,10,5.7,0.818,0.086,0.016,0.15,0.002,0.038,75818,12.3
Tioga,New York,5,5.7,0.969,0.007,0.007,0.017,0,0.002,49649,10.3
Tompkins,New York,7,5.7,0.807,0.04,0.102,0.047,0.003,0.011,104268,12.9
Ulster,New York,20,6.1,0.863,0.059,0.019,0.096,0.002,0.019,180505,5.7
Warren,New York,12,6.9,0.961,0.012,0.009,0.022,0.003,0.003,64911,11.6
Washington,New York,6,7.2,0.94,0.033,0.005,0.025,0.003,0.006,62465,8.2
Wayne,New York,12,6.1,0.932,0.031,0.007,0.041,0.002,0.009,91874,11.2
Westchester,New York,29,5.9,0.661,0.144,0.057,0.236,0.004,0.103,969229,9.6
Wyoming,New York,4,7.6,0.916,0.055,0.003,0.032,0.004,0.009,41239,8.9
Yates,New York,5,6.2,0.967,0.008,0.009,0.021,0.001,0.004,25106,5.8
Altantic,New Jersey,0,6.1,0.713,0.171,0.081,0.194,0.007,0.028,266105,12
Bergen,New Jersey,0,9.3,0.729,0.074,0.17,0.21,0.001,0.027,930390,8.6
Burlington,New Jersey,4,7.1,0.729,0.183,0.054,0.085,0.003,0.031,445702,11.6
Camden,New Jersey,2,8.8,0.69,0.216,0.06,0.176,0.007,0.027,506738,15.7
Cape May,New Jersey,0,7.4,0.918,0.048,0.01,0.081,0.004,0.02,93086,11.9
Cumberland,New Jersey,0,8.7,0.72,0.219,0.014,0.318,0.016,0.033,151906,12
Essex,New Jersey,0,8.2,0.489,0.419,0.59,0.238,0.008,0.025,795404,13.3
Gloucester,New Jersey,0,7,0.83,0.112,0.031,0.067,0.003,0.024,291165,13.8
Hudson,New Jersey,0,8.1,0.647,0.148,0.164,0.427,0.011,0.029,670046,13.1
Hunterdon,New Jersey,2,7.9,0.91,0.027,0.044,0.07,0.002,0.017,124823,9.6
Mercer,New Jersey,2,7.5,0.633,0.215,0.119,0.185,0.006,0.027,367922,11.3
Middlesex,New Jersey,8,7.4,0.601,0.12,0.249,0.221,0.007,0.024,825920,12.2
Monmouth,New Jersey,0,7.1,0.848,0.075,0.056,0.111,0.003,0.019,621659,10.2
Morris,New Jersey,2,5.9,0.831,0.038,0.108,0.139,0.003,0.019,493379,13.9
Ocean,New Jersey,0,6.3,0.927,0.036,0.019,0.095,0.003,0.014,596415,14.3
Passaic,New Jersey,0,7.6,0.749,0.149,0.057,0.429,0.015,0.03,503637,12.6
Salem,New Jersey,0,7.9,0.811,0.148,0.011,0.098,0.006,0.024,62990,10.6
Somerset,New Jersey,1,7.6,0.681,0.105,0.188,0.152,0.004,0.022,329838,10.9
Sussex,New Jersey,2,7.1,0.933,0.027,0.02,0.092,0.003,0.017,141483,10.1
Union,New Jersey,2,9.1,0.674,0.238,0.057,0.328,0.008,0.023,554033,12.8
Warren,New Jersey,1,7.7,0.892,0.057,0.029,0.102,0.004,0.018,105862,11.8
Adams,North Dakota,1,4,0.937,0.009,0.028,0.016,0.007,0.018,2216,13.6
Barnes,North Dakota,1,5.3,0.942,0.018,0.009,0.022,0.011,0.019,10415,8.6
Benson,North Dakota,1,5.1,0.416,0.005,0.002,0.041,0.556,0.021,6832,13.5
Billings,North Dakota,0,2.9,0.94,0.004,0.041,0.026,0.006,0.008,928,4.5
Bottineau,North Dakota,2,5,0.929,0.008,0.006,0.022,0.033,0.024,6282,13.6
Bowman,North Dakota,2,4.1,0.959,0.003,0.002,0.055,0.025,0.011,3024,11.8
Burke,North Dakota,0,1.5,0.953,0.008,0.006,0.03,0.016,0.018,2115,10.6
Burleigh,North Dakota,3,4.9,0.904,0.024,0.009,0.028,0.043,0.02,95626,11.8
Cass,North Dakota,8,5.1,0.867,0.064,0.034,0.028,0.015,0.022,181923,11.3
Cavalier,North Dakota,2,5.3,0.958,0.004,0.004,0.014,0.019,0.015,3762,9.4
Dickey,North Dakota,4,5.3,0.957,0.01,0.006,0.034,0.009,0.018,4872,8
Divide,North Dakota,2,4.3,0.934,0.019,0.019,0.029,0.008,0.02,2264,12.7
Dunn,North Dakota,1,4.4,0.842,0.017,0.014,0.056,0.098,0.029,4424,14.4
Eddy,North Dakota,1,4.8,0.926,0.005,0.003,0.043,0.046,0.02,2287,12
Emmons,North Dakota,0,4.5,0.964,0.003,0.009,0.011,0.012,0.013,3241,11.1
Foster,North Dakota,0,4.8,0.966,0.004,0.006,0.023,0.015,0.009,3210,16.9
Golden Valley,North Dakota,3,3.7,0.961,0.007,0.002,0.034,0.016,0.014,1761,9.9
Grand Forks,North Dakota,5,6.2,0.868,0.044,0.029,0.047,0.029,0.03,69451,12.6
Grant,North Dakota,0,4,0.956,0.001,0.003,0.015,0.021,0.02,2274,10.2
Griggs,North Dakota,2,5,0.983,0.004,0.002,0.013,0.007,0.004,2231,5.8
Hettinger,North Dakota,0,4,0.929,0.006,0.004,0.028,0.036,0.026,2499,10.4
Kidder,North Dakota,0,4.5,0.972,0.005,0.006,0.047,0.008,0.009,2480,5.5
LaMoure,North Dakota,1,5.2,0.98,0.004,0.001,0.017,0.006,0.009,4046,13.3
Logan,North Dakota,0,4.6,0.966,0.004,0.004,0.026,0.008,0.017,1850,14
McHenry,North Dakota,0,4.5,0.869,0.034,0.017,0.041,0.056,0.024,762062,10.6
McIntosh,North Dakota,2,4.7,0.966,0.008,0.01,0.026,0.008,0.009,2497,10.7
McKenzie,North Dakota,1,1.8,0.842,0.021,0.01,0.097,0.091,0.036,15024,14.3
McLean,North Dakota,3,4.1,0.896,0.005,0.003,0.026,0.076,0.021,9450,11.7
Mercer,North Dakota,2,2.2,0.942,0.007,0.005,0.03,0.029,0.018,8187,10.4
Morton,North Dakota,4,4.6,0.922,0.013,0.005,0.041,0.038,0.023,31364,11.6
Mountrail,North Dakota,4,4.1,0.869,0.034,0.017,0.041,0.056,0.024,762062,12.9
Nelson,North Dakota,0,5,0.95,0.009,0.002,0.046,0.018,0.02,2879,10
Oliver,North Dakota,1,3.2,0.952,0.004,0.003,0.02,0.031,0.011,1959,6.4
Pembina,North Dakota,5,5.9,0.938,0.007,0.004,0.034,0.021,0.03,6801,14.6
Pierce,North Dakota,2,4.8,0.922,0.009,0.002,0.02,0.052,0.015,3975,9.3
Ramsey,North Dakota,3,5.1,0.837,0.013,0.012,0.032,0.105,0.033,11519,9
Ransom,North Dakota,1,5.4,0.955,0.008,0.011,0.025,0.009,0.017,5218,7
Renville,North Dakota,0,4.4,0.966,0.004,0.003,0.028,0.009,0.018,2327,11.4
Richland,North Dakota,4,6,0.932,0.011,0.006,0.036,0.031,0.019,16177,8.1
Rolette,North Dakota,3,5.2,0.184,0.005,0.002,0.021,0.78,0.029,14176,14.4
Sargent,North Dakota,1,5.3,0.935,0.018,0.009,0.034,0.015,0.022,3898,9.2
Sheridan,North Dakota,1,4.3,0.96,0.003,0.003,0.014,0.015,0.019,1315,4.3
Sioux,North Dakota,0,4.3,0.136,0.007,0.002,0.051,0.814,0.04,4230,21.2
Slope,North Dakota,0,3.8,0.953,0.011,0,0.041,0.029,0.007,750,10.6
Stark,North Dakota,4,4,0.917,0.03,0.016,0.057,0.017,0.021,31489,13.9
Steele,North Dakota,0,5.2,0.968,0.006,0.002,0.022,0.013,0.011,1890,10.2
Stutsman,North Dakota,2,5.1,0.937,0.018,0.009,0.026,0.018,0.018,20704,12.1
Towner,North Dakota,1,5.1,0.929,0.004,0.001,0.027,0.051,0.015,2189,20.7
Traill,North Dakota,3,5.8,0.948,0.009,0.006,0.037,0.015,0.022,8036,10.8
Walsh,North Dakota,4,5.8,0.943,0.007,0.009,0.12,0.023,0.019,10641,16.3
Ward,North Dakota,9,4.6,0.874,0.048,0.018,0.064,0.026,0.034,67641,14.9
Wells,North Dakota,2,4.7,0.973,0.004,0.003,0.012,0.006,0.015,3834,9.6
Williams,North Dakota,7,2.3,0.858,0.051,0.009,0.09,0.043,0.039,37589,10.9
Arkansas,Arkansas,5,8.3,0.7,0.251,0.008,0.034,0.003,0.004,13695,8.9
Ashley,Arkansas,0,8.1,0.689,0.243,0.003,0.057,0.008,0,15464,9.1
Baxter,Arkansas,4,7.85,0.943,0.005,0.005,0.026,0.008,0.013,34235,10.8
Benton,Arkansas,6,6.1,0.726,0.021,0.042,0.171,0.019,0.021,201039,9.9
Boone,Arkansas,5,9.1,0.937,0.005,0.006,0.026,0.009,0.017,28887,11.3
Bradley,Arkansas,0,8.5,0.551,0.274,0.005,0.159,0.016,-0.005,8286,7.9
Carlhoun,Arkansas,0,8.59,0.601,0.134,0.059,0.185,0.013,0.008,4282,7
Carroll,Arkansas,1,7.6,0.784,0.008,0.02,0.152,0.014,0.022,22158,9.5
Chicot,Arkansas,0,8.3,0.385,0.546,0.007,0.059,0.005,-0.002,8111,9.1
Clark,Arkansas,4,8.7,0.683,0.246,0.007,0.048,0.006,0.01,17877,9.2
Clay,Arkansas,0,7.27,0.949,0.009,0.002,0.022,0.006,0.012,11619,10.1
Cleburne,Arkansas,2,5.75,0.945,0.005,0.005,0.025,0.007,0.013,20228,12.1
Cleveland,Arkansas,1,8.41,0.843,0.115,0.002,0.025,0.005,0.01,6264,5.7
Columbia,Arkansas,0,8.8,0.595,0.356,0.009,0.028,0.006,0.006,18666,9
Conway,Arkansas,1,12.1,0.814,0.114,0.004,0.04,0.009,0.019,16179,12.3
Craighead,Arkansas,5,7.81,0.749,0.168,0.013,0.053,0.005,0.012,81468,10.9
Crawford,Arkansas,4,8.55,0.836,0.017,0.015,0.081,0.026,0.025,47905,10.2
Critttenden,Arkansas,1,8.8,0.409,0.535,0.006,0.028,0.004,0.018,35266,14.5
Cross,Arkansas,6,8.29,0.723,0.232,0.008,0.02,0.004,0.013,12770,12.1
Dallas,Arkansas,2,6.2,0.532,0.105,0.003,0.039,0.007,0.314,5647,6.8
Desha,Arkansas,2,8.41,0.445,0.479,0.007,0.064,0.005,0,8562,8.2
Drew,Arkansas,0,8.38,0.661,0.281,0.007,0.038,0.005,0.008,14389,8
Faulkner,Arkansas,3,7.97,0.799,0.122,0.013,0.042,0.007,0.017,96026,13
Franklin,Arkansas,2,8.69,0.916,0.009,0.002,0.032,0.016,0.025,13736,9.4
Fulton,Arkansas,0,7.28,0.945,0.007,0.003,0.017,0.008,0.02,9748,13.9
Garland,Arkansas,9,8.65,0.817,0.088,0.009,0.059,0.008,0.019,79213,6
Grant,Arkansas,1,7.66,0.923,0.027,0.004,0.03,0.005,0.011,14107,9.3
Greene,Arkansas,1,7.39,0.926,0.018,0.004,0.03,0.006,0.016,34222,10.8
Hempstead,Arkansas,0,8.71,0.539,0.305,0.005,0.133,0.007,0.011,16132,9.3
HotSpring,Arkansas,10,9.1,0.823,0.113,0.004,0.037,0.006,0.017,26787,5.3
Howard,Arkansas,1,8.63,0.633,0.211,0.006,0.132,0.014,0.004,9869,6.8
Independence,Arkansas,1,6.8,0.88,0.025,0.009,0.066,0.008,0.012,28556,10.7
Izard,Arkansas,0,6.7,0.927,0.022,0.005,0.025,0.008,0.013,11146,8.8
Jackson,Arkansas,2,7.9,0.768,0.174,0.005,0.03,0.007,0.016,13430,10.8
Jefferson,Arkansas,2,8.92,0.383,0.574,0.009,0.022,0.004,0.008,53061,10.4
Johnson,Arkansas,2,9.16,0.787,0.022,0.027,0.143,0.012,0.009,20125,6.3
Lafayette,Arkansas,0,8.8,0.591,0.363,0.006,0.029,0.005,0.006,5452,10.4
Lawrence,Arkansas,1,7.21,0.948,0.012,0.003,0.018,0.006,0.013,12820,10
Lee,Arkansas,0,8.34,0.413,0.544,0.006,0.023,0.006,0.008,7346,8.4
Linclon,Arkansas,4,8.54,0.641,0.3,0.004,0.042,0.006,0.007,11133,6.2
LittleRiver,Arkansas,1,8.67,0.726,0.199,0.005,0.037,0.017,0.016,9584,7.3
Logan,Arkansas,1,9.32,0.906,0.015,0.023,0.03,0.012,0.014,17026,8.5
Lonoke,Arkansas,6,8.68,0.858,0.063,0.009,0.046,0.007,0.017,54648,12.3
Madison,Arkansas,1,7.88,0.893,0.009,0.008,0.059,0.017,0.014,12577,9.3
Marion,Arkansas,1,9,0.936,0.006,0.006,0.024,0.011,0.017,13606,10.9
Miller,Arkansas,0,8.72,0.683,0.254,0.005,0.036,0.009,0.013,33289,9.3
Mississippi,Arkansas,5,8.31,0.581,0.356,0.005,0.044,0.005,0.009,30494,13.7
Monroe,Arkansas,1,8.28,0.543,0.402,0.008,0.026,0.007,0.014,5447,11.1
Montgomery,Arkansas,2,8.62,0.904,0.008,0.013,0.045,0.014,0.016,7285,7.9
Nevada,Arkansas,2,8.73,0.623,0.309,0.005,0.047,0.004,0.012,6444,10.1
Newton,Arkansas,1,9.43,0.935,0.005,0.004,0.019,0.013,0.024,6303,8.2
Ouachita,Arkansas,0,8.59,0.547,0.401,0.005,0.026,0.005,0.016,18313,8.7
Perry,Arkansas,2,8.87,0.917,0.02,0.004,0.031,0.01,0.018,8038,10.3
Phillips,Arkansas,1,8.33,0.344,0.623,0.004,0.02,0.004,0.005,13383,7.4
Pike,Arkansas,3,8.68,0.87,0.035,0.008,0.066,0.012,0.009,8392,8.2
Poinsett,Arkansas,1,8.33,0.862,0.083,0.003,0.033,0.004,0.015,18214,12.2
Polk,Arkansas,4,8.6,0.878,0.006,0.01,0.066,0.021,0.019,15482,10.7
Pope,Arkansas,3,10,0.834,0.033,0.012,0.096,0.033,-0.008,49491,7.5
Prairie,Arkansas,3,8.39,0.849,0.114,0.001,0.02,0.004,0.012,6461,14.3
Pulaski,Arkansas,9,9.78,0.516,0.379,0.023,0.062,0.004,0.016,301671,11.3
Randolph,Arkansas,1,7.14,0.924,0.012,0.004,0.022,0.006,0.032,13693,12
Saline,Arkansas,1,4.96,0.834,0.084,0.013,0.051,0.006,0.012,93198,8.8
Scott,Arkansas,1,8.79,0.842,0.007,0.031,0.079,0.026,0.015,7923,11.4
Searcy,Arkansas,0,9.2,0.926,0.005,0.004,0.028,0.016,0.021,6332,9.6
Sebastian,Arkansas,1,8.8,0.667,0.07,0.047,0.148,0.024,0.044,97228,11
Sevier,Arkansas,2,8.62,0.56,0.042,0.006,0.343,0.036,0.013,12265,5.7
Sharp,Arkansas,1,6.92,0.928,0.01,0.006,0.026,0.011,0.019,13794,10.8
StFrancis,Arkansas,1,8.46,0.398,0.528,0.006,0.055,0.008,0.005,20043,11.3
Stone,Arkansas,1,5.35,0.945,0.004,0.005,0.019,0.009,0.018,10061,8.2
Union,Arkansas,0,8.8,0.607,0.33,0.007,0.042,0.005,0.009,29707,8.1
Vanburen,Arkansas,4,1.1,0.932,0.006,0.004,0.032,0.01,0.016,13275,11.4
Washington,Arkansas,4,8.4,0.704,0.038,0.026,0.171,0.016,0.045,179233,10.2
White,Arkansas,2,8.18,0.877,0.046,0.009,0.044,0.007,0.017,60570,13.8
Woodruff,Arkansas,3,8.16,0.692,0.262,0.003,0.022,0.006,0.015,5069,16
Yell,Arkansas,4,9.16,0.746,0.021,0.014,0.205,0.011,0.003,16200,7.6
Barbour,West Virginia,1,9,0.955,0.01,0.003,0.011,0.006,0.015,16441,12.5
Berkeley,West Virginia,1,8.5,0.836,0.079,0.011,0.048,0.003,0.023,119171,11
Boone,West Virginia,2,7.43,0.976,0.007,0.001,0.006,0.002,0.008,21457,9.8
Braxton,West Virginia,0,8.22,0.966,0.007,0.002,0.009,0.004,0.012,13957,13.2
Brooke,West Virginia,1,9.15,0.956,0.015,0.005,0.009,0.002,0.013,21939,11.2
Cabell,West Virginia,0,7.8,0.901,0.048,0.013,0.014,0.002,0.022,91945,12
Calhoun,West Virginia,0,8.1,0.969,0.004,0.002,0.011,0.004,0.01,7109,13.2
Clay,West Virginia,0,7.85,0.973,0,0.001,0.009,0.004,0.01,8508,6.5
Doddridge,West Virginia,0,8.3,0.949,0.02,0.003,0.007,0.004,0.015,8448,8.5
Fayette,West Virginia,0,7.73,0.923,0.04,0.003,0.012,0.002,0.016,42406,12.1
Gilmer,West Virginia,0,8.27,0.816,0.108,0.008,0.055,0.009,0.004,7823,7
Grant,West Virginia,1,7.8,0.962,0.012,0.002,0.014,0.002,0.008,11568,12.8
Greenbrier,West Virginia,1,8.11,0.925,0.027,0.006,0.021,0.004,0.017,34662,8.4
Hampshire,West Virginia,1,8.03,0.956,0.014,0.003,0.015,0.002,0.01,23175,7.8
Hancock,West Virginia,0,8.4,0.936,0.027,0.005,0.016,0.002,0.014,28810,6.3
Hardy,West Virginia,0,7.92,0.899,0.032,0.007,0.049,0.003,0.01,13776,9.4
Harrison,West Virginia,2,7.6,0.94,0.019,0.006,0.017,0.002,0.016,67256,14.2
Jackson,West Virginia,0,7.82,0.968,0.01,0.003,0.01,0.003,0.01,28576,8.5
Jefferson,West Virginia,1,8,0.832,0.064,0.016,0.063,0.004,0.021,57146,8.7
Kanawha,West Virginia,4,7.3,0.877,0.076,0.011,0.012,0.002,0.022,178124,9.2
Lewis,West Virginia,0,8.29,0.961,0.007,0.006,0.012,0.003,0.011,15907,10.8
Lincoln,West Virginia,0,7.55,0.975,0.004,0.002,0.007,0.001,0.011,20409,14
Logan,West Virginia,1,7.48,0.959,0.018,0.003,0.01,0.001,0.009,32019,14.2
McDowell,West Virginia,0,7.52,0.887,0.082,0.002,0.014,0.002,0.013,17624,11
Marion,West Virginia,0,7.8,0.929,0.033,0.006,0.014,0.003,0.015,56072,10.7
Marshall,West Virginia,0,9.3,0.966,0.008,0.004,0.01,0.003,0.009,30531,7.3
Mason,West Virginia,0,7.72,0.966,0.009,0.003,0.008,0.002,0.012,26516,16.7
Mercer,West Virginia,0,7.49,0.903,0.06,0.006,0.012,0.003,0.016,58758,11.5
Mineral,West Virginia,0,7.92,0.937,0.03,0.006,0.01,0.002,0.015,26868,8.5
Mingo,West Virginia,0,7.57,0.956,0.02,0.003,0.009,0.001,0.011,23424,14.8
Monongalia,West Virginia,1,7.3,0.883,0.039,0.034,0.022,0.002,0.02,105612,8.4
Monroe,West Virginia,0,7.72,0.962,0.008,0.002,0.01,0.004,0.014,13275,8.2
Morgan,West Virginia,0,8.25,0.951,0.009,0.004,0.017,0.004,0.015,17884,11.2
Nicholas,West Virginia,1,8.16,0.967,0.006,0.004,0.008,0.004,0.011,24496,11.2
Ohio,West Virginia,1,7.9,0.92,0.037,0.008,0.013,0.002,0.02,41411,11.1
Pendleton,West Virginia,0,7.95,0.948,0.021,0.002,0.015,0.003,0.011,6969,10.8
Pleasants,West Virginia,0,8.2,0.956,0.017,0.002,0.009,0.003,0.013,7460,9.3
Pocahontas,West Virginia,1,8.07,0.951,0.014,0.002,0.017,0.003,0.013,8247,11.9
Preston,West Virginia,1,7.66,0.959,0.011,0.002,0.016,0.002,0.01,33432,11.3
Putnam,West Virginia,2,7.55,0.952,0.012,0.008,0.013,0.003,0.012,56450,9.5
Raleigh,West Virginia,1,7.49,0.875,0.08,0.009,0.017,0.003,0.016,73361,11.5
Randolph,West Virginia,1,7.98,0.955,0.016,0.005,0.011,0.003,0.01,28695,11.7
Ritchie,West Virginia,0,8.24,0.973,0.005,0.002,0.009,0.002,0.009,9554,10.5
Roane,West Virginia,0,7.86,0.967,0.003,0.004,0.013,0.003,0.01,13688,7.4
Summers,West Virginia,0,7.57,0.917,0.044,0.003,0.018,0.004,0.014,12573,7.9
Taylor,West Virginia,0,7.8,0.96,0.012,0.005,0.01,0.003,0.01,16695,10.8
Tucker,West Virginia,1,7.8,0.972,0.004,0.003,0.009,0.003,0.009,6839,11.1
Tyler,West Virginia,0,8.15,0.971,0.003,0.005,0.008,0.003,0.01,8591,3.9
Upshur,West Virginia,1,8.18,0.956,0.011,0.005,0.014,0.003,0.011,24176,10.9
Wayne,West Virginia,0,7.68,0.971,0.006,0.003,0.007,0.003,0.01,39402,12.1
Webster,West Virginia,0,8.15,0.971,0.005,0.002,0.007,0.001,0.014,8114,18.3
Wetzel,West Virginia,1,8.2,0.969,0.005,0.003,0.011,0.001,0.011,15065,9.8
Wirt,West Virginia,0,8.18,0.969,0.004,0.003,0.009,0.002,0.013,5821,7.7
Wood,West Virginia,1,8.2,0.95,0.012,0.006,0.012,0.002,0.02,83518,9.6
Wyoming,West Virginia,0,7.46,0.97,0.007,0.002,0.007,0.002,0.012,20394,12.7
